/nl/oplossingen/12-acountancy/61-persbericht-overname-accountants-kantoor-de-kegel-vervliet-partners,persbericht-overname-accountants-kantoor-de-kegel-vervliet-partners
/nl/oplossingen/business-analytics/80-moore-stephens-belgium-en-element61-slaan-de-handen-in-elkaar,moore-stephens-belgium-en-element61-slaan-de-handen-in-elkaar
/nl/oplossingen/strategy-operations/88-moore-stephens-belgium-neemt-opleidings-en-adviesbureau-impala-over,moore-stephens-belgium-neemt-opleidings-en-adviesbureau-impala-over
/nl/oplossingen/strategy-operations-2/57-persbericht-overname-the-brenner-group,persbericht-overname-the-brenner-group
/nl/oplossingen/tax-legal-services/100-vlaamse-belastingadministratie-legt-een-bom-onder-het-schenken-met-voorbehoud-van-vruchtgebruik-voor-buitenlandse-notaris,vlaamse-belastingadministratie-legt-een-bom-onder-het-schenken-met-voorbehoud-van-vruchtgebruik-voor-buitenlandse-notaris
/nl/oplossingen/tax-legal-services/101-aangifteformulier-personenbelasting-voor-aanslagjaar-2016-gepubliceerd,aangifteformulier-personenbelasting-voor-aanslagjaar-2016-gepubliceerd
/nl/oplossingen/tax-legal-services/102-de-vennootschapsrechtelijke-uitsluiting-en-uittreding-als-alternatief,de-vennootschapsrechtelijke-uitsluiting-en-uittreding-als-alternatief
/nl/oplossingen/tax-legal-services/103-studentenarbeid,studentenarbeid
/nl/oplossingen/tax-legal-services/105-het-ene-kapitaal-is-het-andere-niet,het-ene-kapitaal-is-het-andere-niet
/nl/oplossingen/tax-legal-services/106-het-tantieme-als-ultieme-redmiddel-om-uw-vennootschap-belastingen-te-laten-besparen,het-tantieme-als-ultieme-redmiddel-om-uw-vennootschap-belastingen-te-laten-besparen
/nl/oplossingen/tax-legal-services/107-successie-van-familiale-vennootschappen-herbekijk-uw-planning,successie-van-familiale-vennootschappen-herbekijk-uw-planning
/nl/oplossingen/tax-legal-services/108-de-nieuwe-thin-cap-rule-een-mogelijke-herkapitalisering-van-verschillende-groepsvennootschappen-dringt-zich-op,thin-cap-rule-mogelijke-herkapitalisering-van-verschillende-groepvennootschappen
/nl/oplossingen/tax-legal-services/109-hou-het-saldo-van-uw-rc-onder-controle,hou-het-saldo-van-uw-r/c-onder-controle
/nl/oplossingen/tax-legal-services/110-de-investeringsreserve-terug-van-nooit-weggeweest,de-investeringsreserve-terug-van-nooit-weggeweest
/nl/oplossingen/tax-legal-services/111-de-fiscus-aanvaardt-de-aftrekbaarheid-van-vooruitbetaalde-kosten-die-betrekking-hebben-op-de-toekomst,de-fiscus-aanvaardt-de-aftrekbaarheid-van-vooruitbetaalde-kosten-die-betrekking-hebben-op-de-toekomst
/nl/oplossingen/tax-legal-services/112-bezorg-de-fiscus-en-de-rsz-tijdig-de-vereiste-certificaten-bij-overname,bezorg-de-fiscus-en-de-rsz-tijdig-de-vereiste-certificaten-bij-overname
/nl/oplossingen/tax-legal-services/113-hogere-belastingtarieven-op-pensioenkapitaal-uit-uw-groepsverzekering,hogere-belastingtarieven-op-pensioenkapitaal-uit-uw-groepsverzekering
/nl/oplossingen/tax-legal-services/114-tankkaart-als-alternatieve-loonsverhoging,tankkaart-als-alternatieve-loonsverhoging
/nl/oplossingen/tax-legal-services/115-een-vof-oprichten-heeft-niet-alleen-voordelen-maar-ook-nadelen,een-vof-oprichten-heeft-niet-alleen-voordelen-maar-ook-nadelen
/nl/oplossingen/tax-legal-services/116-de-verdeeltaks-in-vlaanderen-stijgt-naar-250,de-verdeeltaks-in-vlaanderen-stijgt-naar-250
/nl/oplossingen/tax-legal-services/117-kiest-u-beter-voor-een-lang-of-kort-eerste-boekjaar-bij-de-oprichting-van-uw-vennootschap,kiest-u-beter-voor-een-lang-of-kort-eerste-boekjaar-bij-de-oprichting-van-uw-vennootschap
/nl/oplossingen/tax-legal-services/118-vergeet-geen-voordeel-in-natura-aan-te-geven-voor-uw-ipad-of-die-van-uw-personeel,vergeet-geen-voordeel-in-natura-aan-te-geven-voor-uw-ipad-of-die-van-uw-personeel
/nl/oplossingen/tax-legal-services/119-fiscus-zwaait-met-hoge-btw-boetes-voor-wie-de-formaliteiten-niet-naleeft,fiscus-zwaait-met-hoge-btw-boetes-voor-wie-de-formaliteiten-niet-naleeft
/nl/oplossingen/tax-legal-services/120-inkoop-eigen-aandelen-kan-interessant-zijn-om-medevennoot-uit-te-kopen,inkoop-eigen-aandelen-kan-interessant-zijn-om-medevennoot-uit-te-kopen
/nl/oplossingen/tax-legal-services/121-betaal-geen-belastingen-teveel-op-een-leegstaande-woning-of-appartement,betaal-geen-belastingen-teveel-op-een-leegstaande-woning-of-appartement
/nl/oplossingen/tax-legal-services/122-de-financiering-van-vastgoed-via-uw-ipt-verzekering-kan-u-mooie-voordelen-opleveren,de-financiering-van-vastgoed-via-uw-ipt-verzekering-kan-u-mooie-voordelen-opleveren
/nl/oplossingen/tax-legal-services/123-de-afgetrokken-btw-op-een-nieuw-gebouw-of-uitgevoerde-verbouwingswerken-kan-vroeg-of-laat-worden-herzien,de-afgetrokken-btw-op-een-nieuw-gebouw-of-uitgevoerde-verbouwingswerken-kan-vroeg-of-laat-worden-herzien
/nl/oplossingen/tax-legal-services/124-laat-voldoende-bedrijfsvoorheffing-inhouden-op-uw-loon-als-bedrijfsleider,laat-voldoende-bedrijfsvoorheffing-inhouden-op-uw-loon-als-bedrijfsleider
/nl/oplossingen/tax-legal-services/125-btw-aftrek-voor-smartphone-laptop-en-gemengd-gebruikte-bedrijfsmiddelen-op-basis-van-werkelijke-beroepsgebruik,btw-aftrek-voor-smartphone-laptop-en-gemengd-gebruikte-bedrijfsmiddelen-op-basis-van-werkelijke-beroepsgebruik
/nl/oplossingen/tax-legal-services/126-de-ene-wettelijke-interestvoet-is-de-andere-niet,de-ene-wettelijke-interestvoet-is-de-andere-niet
/nl/oplossingen/tax-legal-services/127-het-tarief-van-de-roerende-voorheffing-wordt-vanaf-2013-geharmoniseerd-naar-25,het-tarief-van-de-roerende-voorheffing-wordt-vanaf-2013-geharmoniseerd-naar-25
/nl/oplossingen/tax-legal-services/128-het-tarief-voor-de-notionele-interestaftrek-voor-aanslagjaar-2014-zakt,het-tarief-voor-de-notionele-interestaftrek-voor-aanslagjaar-2014-zakt
/nl/oplossingen/tax-legal-services/129-schenk-aandacht-aan-de-nieuwe-verplichte-vermeldingen-op-uw-factuur,schenk-aandacht-aan-de-nieuwe-verplichte-vermeldingen-op-uw-factuur
/nl/oplossingen/tax-legal-services/130-reken-niet-te-veel-btw-aan-op-de-verkoop-van-uw-personenwagen,reken-niet-te-veel-btw-aan-op-de-verkoop-van-uw-personenwagen
/nl/oplossingen/tax-legal-services/131-pensioensparen-niet-voor-iedereen-altijd-even-interessant,pensioensparen-niet-voor-iedereen-altijd-even-interessant
/nl/oplossingen/tax-legal-services/132-de-uittreding-uit-een-cooperatieve-vennootschap-is-aan-bepaalde-regels-onderworpen,de-uittreding-uit-een-cooperatieve-vennootschap-is-aan-bepaalde-regels-onderworpen
/nl/oplossingen/tax-legal-services/133-de-dbi-bevek-heeft-een-streepje-voor-op-een-gewone-bevek,de-dbi-bevek-heeft-een-streepje-voor-op-een-gewone-bevek
/nl/oplossingen/tax-legal-services/134-de-truc-zit-hem-in-het-omvormen-van-uw-inkomen,de-truc-zit-hem-in-het-omvormen-van-uw-inkomen
/nl/oplossingen/tax-legal-services/135-de-gesplitste-aankoop-van-een-gebouw-waarbij-de-vennootschap-het-vruchtgebruik-verwerft-is-en-blijft-een-interessante-optie,de-gesplitste-aankoop-van-een-gebouw-waarbij-de-vennootschap-het-vruchtgebruik-verwerft-is-en-blijft-een-interessante-optie
/nl/oplossingen/tax-legal-services/136-de-incorporatie-van-reeds-belaste-reserves-in-kapitaal-interessant-voor-u,de-incorporatie-van-reeds-belaste-reserves-in-kapitaal-interessant-voor-u
/nl/oplossingen/tax-legal-services/137-opnieuw-verlaagde-voorheffing-van-20-of-15-op-bepaalde-dividenden-van-kmos,opnieuw-verlaagde-voorheffing-van-20-of-15-op-bepaalde-dividenden-van-kmos
/nl/oplossingen/tax-legal-services/138-de-winwinlening-van-uw-vrienden-moet-u-het-hebben,de-winwinlening-van-uw-vrienden-moet-u-het-hebben
/nl/oplossingen/tax-legal-services/139-bijverdienen-tijdens-uw-pensioen-doe-het-vooral-rustig-aan,bijverdienen-tijdens-uw-pensioen-doe-het-vooral-rustig-aan
/nl/oplossingen/tax-legal-services/140-de-aftrek-voor-risicokapitaal-wordt-verder-beperkt-voor-vennootschappen-die-beleggen-in-bepaalde-aandelen,de-aftrek-voor-risicokapitaal-wordt-verder-beperkt-voor-vennootschappen-die-beleggen-in-bepaalde-aandelen
/nl/oplossingen/tax-legal-services/141-ontvangen-dividenden-of-interesten-opnemen-in-uw-aangifte-personenbelasting-heeft-soms-zijn-voordelen,ontvangen-dividenden-of-interesten-opnemen-in-uw-aangifte-personenbelasting-heeft-soms-zijn-voordelen
/nl/oplossingen/tax-legal-services/142-btw-aftrek-op-personenwagens-in-de-praktijk,btw-aftrek-op-personenwagens-in-de-praktijk
/nl/oplossingen/tax-legal-services/143-de-s-bvba-wordt-geleidelijk-aan-volwassen,de-s-bvba-wordt-geleidelijk-aan-volwassen/plugin
/nl/oplossingen/tax-legal-services/144-optimaliseer-uw-sociale-bijdragen-in-het-licht-van-2015,optimaliseer-uw-sociale-bijdragen-in-het-licht-van-2015
/nl/oplossingen/tax-legal-services/145-de-uitgifte-van-winstbewijzen-kan-een-interessante-manier-zijn-om-goede-werknemers-aan-uw-bedrijf-te-binden,de-uitgifte-van-winstbewijzen-kan-een-interessante-manier-zijn-om-goede-werknemers-aan-uw-bedrijf-te-binden
/nl/oplossingen/tax-legal-services/146-hoeveel-registratierechten-bent-u-verschuldigd-bij-de-toebedeling-van-onroerende-goederen-nav-de-vereffening-van-uw-vennootschap,hoeveel-registratierechten-bent-u-verschuldigd-bij-de-toebedeling-van-onroerende-goederen-nav-de-vereffening-van-uw-vennootschap
/nl/oplossingen/tax-legal-services/147-op-daguitstap-met-het-personeel,op-daguitstap-met-het-personeel
/nl/oplossingen/tax-legal-services/148-opteert-u-beter-voor-een-kapitaalverhoging-of-is-het-toestaan-van-een-lening-aan-uw-eigen-vennootschap-interessanter,opteert-u-beter-voor-een-kapitaalverhoging-of-is-het-toestaan-van-een-lening-aan-uw-eigen-vennootschap-interessanter
/nl/oplossingen/tax-legal-services/149-voortaan-aan-dagvergoeding-van-1922-voor-iedereen,voortaan-aan-dagvergoeding-van-€-1922-voor-iedereen
/nl/oplossingen/tax-legal-services/150-hoe-zit-het-nu-met-de-woonbonusvanaf-2015,hoe-zit-het-nu-met-de-woonbonusvanaf-2015
/nl/oplossingen/tax-legal-services/151-nieuwe-wettelijke-regels-voor-de-waardering-van-het-vruchtgebruik-bij-de-omzetting-van-het-vruchtgebruik-van-de-langstlevende-echtgenoot,nieuwe-wettelijke-regels-voor-de-waardering-van-het-vruchtgebruik-bij-de-omzetting-van-het-vruchtgebruik-van-de-langstlevende-echtgenoot
/nl/oplossingen/tax-legal-services/152-welke-interest-mag-u-nu-betalen-op-uw-rekening-courant,welke-interest-mag-u-nu-betalen-op-uw-rekening-courant
/nl/oplossingen/tax-legal-services/153-de-waardering-van-het-familiebedrijf-in-het-kader-van-schenk-en-erfbelasting,25-09-de-waardering-van-het-familiebedrijf-in-het-kader-van-schenk-en-erfbelasting
/nl/oplossingen/tax-legal-services/154-de-incorporatie-van-belaste-reserves-in-kapitaal-wanneer-er-wel-voor-opteren-en-wanneer-niet,de-incorporatie-van-belaste-reserves-in-kapitaal-wanneer-er-wel-voor-opteren-en-wanneer-niet
/nl/oplossingen/tax-legal-services/155-de-wettelijke-erfgenamen-als-begunstigden-van-een-levensverzekering,de-wettelijke-erfgenamen-als-begunstigden-van-een-levensverzekering
/nl/oplossingen/tax-legal-services/156-cashbetalingen-nog-meer-aan-banden-gelegd-sinds-1-januari-2014,cashbetalingen-nog-meer-aan-banden-gelegd-sinds-1-januari-2014
/nl/oplossingen/tax-legal-services/157-de-gewone-investeringsaftrek-wordt-tijdelijk-heringevoerd-voor-kmo-vennootschappen,de-gewone-investeringsaftrek-wordt-tijdelijk-heringevoerd-voor-kmo-vennootschappen
/nl/oplossingen/tax-legal-services/158-langer-btw-kwartaalaangever-blijven-door-nieuwe-drempel,langer-btw-kwartaalaangever-blijven-door-nieuwe-drempel
/nl/oplossingen/tax-legal-services/159-2014-wordt-het-jaar-van-de-vereffeningen,2014-wordt-het-jaar-van-de-vereffeningen
/nl/oplossingen/tax-legal-services/160-is-de-oprichting-of-het-gebruik-van-een-vennootschap-anno-2014-nog-wel-zinvol,is-de-oprichting-of-het-gebruik-van-een-vennootschap-anno-2014-nog-wel-zinvol
/nl/oplossingen/tax-legal-services/162-een-bedrijfsmiddel-drempel-van-250-wordt-verhoogd-naar-1000,een-bedrijfsmiddel-drempel-van-250€-wordt-verhoogd-naar-1000€
/nl/oplossingen/tax-legal-services/163-btw-drempel-stelsel-kleine-onderneming-stijgt-naar-15000,18-02-btw-drempel-stelsel-kleine-onderneming-stijgt-naar-15000-€
/nl/oplossingen/tax-legal-services/40-verhuur-een-gedeelte-van-uw-gehuurde-woning-of-appartement-onder-aan-uw-vennootschap,verhuur-een-deel-van-uw-gehuurde-woning-onder-aan-uw-vennootschap
/nl/oplossingen/tax-legal-services/41-wie-met-een-bedrijfswagen-rondtoert-is-voortaan-kop-van-jut,wie-met-een-bedrijfswagen-rondtoert-is-voortaan-kop-van-jut
/nl/oplossingen/tax-legal-services/42-wonen-op-kosten-van-uw-vennootschap-wordt-fors-duurder,wonen-op-kosten-van-uw-vennootschap-wordt-fors-duurder
/nl/oplossingen/tax-legal-services/43-berekening-voordeel-alle-aard-voor-personenwagens,berekening-voordeel-alle-aard-voor-personenwagens
/nl/oplossingen/tax-legal-services/44-de-nieuwe-regering-knabbelt-aan-uw-appeltje-voor-de-dorst,de-nieuwe-regering-knabbelt-aan-uw-appeltje-voor-de-dorst
/nl/oplossingen/tax-legal-services/45-het-effect-van-co2-op-de-cashflow-van-uw-auto-staar-u-niet-blind-op-de-aankoopprijs,het-effect-van-co2-op-de-cashflow-van-uw-auto-staar-u-niet-blind-op-de-aankoopprijs
/nl/oplossingen/tax-legal-services/46-laattijdige-indiening-aangifte-nalatenschap-drastisch-verzwaarde-boetes-vanaf-1-januari-2015,laattijdige-indiening-aangifte-nalatenschap-drastisch-verzwaarde-boetes-vanaf-1-januari-2015
/nl/oplossingen/tax-legal-services/47-successie-en-registratierechten-in-vlaanderen-anno-2015-het-waren-reeds-belastingen-nu-heten-ze-ook-zo-wat-verandert-er-concreet-voor-u,successie-en-registratierechten-in-vlaanderen-anno-2015-het-waren-reeds-belastingen-nu-heten-ze-ook-zo-wat-verandert-er-concreet-voor-u
/nl/oplossingen/tax-legal-services/48-nederland-nieuwe-regeling-voor-kwalificerende-buitenlandse-belastingplicht-vanaf-2015,nederland-nieuwe-regeling-voor-kwalificerende-buitenlandse-belastingplicht-vanaf-2015
/nl/oplossingen/tax-legal-services/49-tuinieren-van-hobby-naar-bijberoep-zorg-voor-een-juiste-factuur,tuinieren-van-hobby-naar-bijberoep-zorg-voor-een-juiste-factuur
/nl/oplossingen/tax-legal-services/50-vlaanderen-zet-mes-in-tarieven-schenking,vlaanderen-zet-mes-in-tarieven-schenking
/nl/oplossingen/tax-legal-services/51-de-liquidatiereserve-voor-de-aanslagjaren-2013-en-2014-de-opvulregel-in-fiscalibus,de-liquidatiereserve-voor-de-aanslagjaren-2013-en-2014-de-opvulregel-in-fiscalibus
/nl/oplossingen/tax-legal-services/52-de-woonlening-in-de-aangifte-personenbelasting-aanslagjaar-2015,de-woonlening-in-de-aangifte-personenbelasting-aanslagjaar-2015
/nl/oplossingen/tax-legal-services/53-overdracht-van-het-familiebedrijf-stand-van-zaken-in-vlaanderen-sinds-1-januari-2015,overdracht-van-het-familiebedrijf-stand-van-zaken-in-vlaanderen-sinds-1-januari-2015
/nl/oplossingen/tax-legal-services/54-de-voorschotfactuur-anno-2016-ill-be-back,de-voorschotfactuur-anno-2016-ill-be-back
/nl/oplossingen/tax-legal-services/55-kostenaftrek-woning-of-buitenverblijf-cassatie-deelt-fiscus-uppercut-uit,kostenaftrek-woning-of-buitenverblijf-cassatie-deelt-fiscus-uppercut-uit
/nl/oplossingen/tax-legal-services/56-taxshift-akkoord-van-de-regering-michel,taxshift-akkoord-van-de-regering-michel
/nl/oplossingen/tax-legal-services/58-actieve-holdings-en-het-verwerven-van-deelnemingen-hogere-btw-aftrek-voor-kosten,actieve-holdings-en-het-verwerven-van-deelnemingen-hogere-btw-aftrek-voor-kosten
/nl/oplossingen/tax-legal-services/59-europese-erfrechtverordening-vloek-of-zegen,europese-erfrechtverordening-vloek-of-zegen
/nl/oplossingen/tax-legal-services/62-midzomerarresten-van-cassatie-inzaken-kostenaftrek,midzomerarresten-van-cassatie-inzaken-kostenaftrek
/nl/oplossingen/tax-legal-services/63-de-belgische-regering-bereikt-een-akkoord-over-de-grootste-fiscale-hervorming-sinds,de-belgische-regering-bereikt-een-akkoord-over-de-grootste-fiscale-hervorming-sinds-1963
/nl/oplossingen/tax-legal-services/64-de-nieuwe-berekeningswijze-van-de-sociale-bijdragen,de-nieuwe-berekeningswijze-van-de-sociale-bijdragen
/nl/oplossingen/tax-legal-services/65-de-oprichting-van-de-centra-grote-ondernemingen,de-oprichting-van-de-centra-grote-ondernemingen
/nl/oplossingen/tax-legal-services/66-e-commerce-zoveel-meer-dan-het-lanceren-van-een-webshop,e-commerce-–-zoveel-meer-dan-het-lanceren-van-een-webshop
/nl/oplossingen/tax-legal-services/67-kaaimantaks-overzicht-geviseerde-juridische-constructies,kaaimantaks
/nl/oplossingen/tax-legal-services/67-kaaimantaks-overzicht-geviseerde-juridische-constructies,kaaimantaks-overzicht-geviseerde-juridische-constructies
/nl/oplossingen/tax-legal-services/69-boetes-en-belastingverhogingen-voor-niet-ingediende-fiscale-fiches-en-aangiften-bedrijfsvoorheffing,boetes-en-belastingverhogingen-voor-niet-ingediende-fiscale-fiches-en-aangiften-bedrijfsvoorheffing
/nl/oplossingen/tax-legal-services/70-btw-plicht-bestuurders-rechtspersonen-uitstel-tot-1-april-2016,btw-plicht-bestuurders-rechtspersonen-uitstel-tot-1-april-2016
/nl/oplossingen/tax-legal-services/71-de-revalorisatiecoefficient-voor-huurinkomsten-van-het-aanslagjaar-2016,de-revalorisatiecoefficient-voor-huurinkomsten-van-het-aanslagjaar-2016
/nl/oplossingen/tax-legal-services/72-fiscale-regeling-co-ouderschap,fiscale-regeling-co-ouderschap
/nl/oplossingen/tax-legal-services/73-invordering-van-onbetwiste-schuldvorderingen-vereenvoudigde-procedure,invordering-van-onbetwiste-schuldvorderingen-vereenvoudigde-procedure
/nl/oplossingen/tax-legal-services/74-leasing-vruchtgebruik-een-nieuwe-wind-door-de-cbn-en-het-hof-van-justitie,leasing-vruchtgebruik-…-een-nieuwe-wind-door-de-cbn-en-het-hof-van-justitie
/nl/oplossingen/tax-legal-services/75-luxemburg-niet-langer-een-belastingparadijs,luxemburg-niet-langer-een-belastingparadijs
/nl/oplossingen/tax-legal-services/76-inbreng-van-vastgoed-in-uw-vennootschap-aan-0-of-aan-10-registratiebelasting,inbreng-van-vastgoed-in-uw-vennootschap-aan-0-of-aan-10-registratiebelasting
/nl/oplossingen/tax-legal-services/77-de-verzekeringsgift-nieuw-vlaanderenschokkend-standpunt-van-de-vlaamse-belastingdienst,de-verzekeringsgift-nieuw-vlaanderenschokkend-standpunt-van-de-vlaamse-belastingdienst
/nl/oplossingen/tax-legal-services/78-benut-de-resterende-opleidings-en-adviessubsidies-in-uw-kmo-portefeuille-voor-31-12-2015,benut-de-resterende-opleidings-en-adviessubsidies-in-uw-kmo-portefeuille-voor-31/12/2015
/nl/oplossingen/tax-legal-services/79-in-welke-mate-zal-de-start-van-het-nieuwe-jaar-gevolgen-hebben-voor-onze-portemonnee,in-welke-mate-zal-de-start-van-het-nieuwe-jaar-gevolgen-hebben-voor-onze-portemonnee
/nl/oplossingen/tax-legal-services/81-op-welk-voordeel-wordt-u-belast-wanneer-uw-vennootschap-de-huur-van-woning-of-appartement-betaalt,op-welk-voordeel-wordt-u-belast-wanneer-uw-vennootschap-de-huur-van-woning-of-appartement-betaalt
/nl/oplossingen/tax-legal-services/82-wat-verandert-er-in-2016-in-het-btw-landschap,wat-verandert-er-in-2016-in-het-btw-landschap
/nl/oplossingen/tax-legal-services/83-btw-aftrek-gemengd-gebruikte-bedrijfsmiddelen,btw-aftrek-gemengd-gebruikte-bedrijfsmiddelen
/nl/oplossingen/tax-legal-services/84-de-advocaat-een-toegelaten-derde-op-uw-algemene-vergadering,de-advocaat-een-toegelaten-derde-op-uw-algemene-vergadering
/nl/oplossingen/tax-legal-services/85-excess-profit-rulings,excess-profit-rulings
/nl/oplossingen/tax-legal-services/86-roerende-inkomsten-anno-2016,roerende-inkomsten-anno-2016
/nl/oplossingen/tax-legal-services/89-miserietaks-versoepeling-van-het-verdeelrecht-bij-beeindiging-van-de-relatie,miserietaks-versoepeling-van-het-verdeelrecht-bij-beeindiging-van-de-relatie
/nl/oplossingen/tax-legal-services/90-toepassing-van-de-fairness-tax-enkele-bedenkingen,toepassing-van-de-fairness-tax-enkele-bedenkingen
/nl/oplossingen/tax-legal-services/91-aftrek-octrooi-inkomsten-onbekend-is-onbemind,aftrek-octrooi-inkomsten-onbekend-is-onbemind
/nl/oplossingen/tax-legal-services/92-update-belgisch-zwitsers-dubbelbelastingverdrag-inwerkingtreding-op-komst,update-belgisch-zwitsers-dubbelbelastingverdrag-inwerkingtreding-op-komst
/nl/oplossingen/tax-legal-services/93-afronding-op-5-cent-nieuwe-btw-tolerantie,afronding-op-5-cent-–-nieuwe-btw-tolerantie
/nl/oplossingen/tax-legal-services/94-bezwaar-indienen-voortaan-ook-per-fax-en-per-e-mail,bezwaar-indienen-%E2%80%93-voortaan-ook-per-fax-en-per-e-mail
/nl/oplossingen/tax-legal-services/95-kmo-portefeuille-vernieuwd-ondersteuningsbeleid-vanaf-1-april-2016,kmo-portefeuille-vernieuwd-ondersteuningsbeleid-vanaf-1-april-2016
/nl/oplossingen/tax-legal-services/96-waardering-vruchtgebruik-als-copernicus-nog-eens-van-zich-laten-horen,waardering-vruchtgebruik-als-copernicus-nog-eens-van-zich-laten-horen…
/nl/oplossingen/tax-legal-services/97-afschaffing-btw-vrijstelling-voor-esthetische-ingrepen-administratieve-toelichting-schept-duidelijkheid,afschaffing-btw-vrijstelling-voor-esthetische-ingrepen-administratieve-toelichting-schept-duidelijkheid
/nl/oplossingen/tax-legal-services/98-langverwachte-beslissing-inzake-btw-plicht-voor-bestuurders-rechtspersonen-eindelijke-gepubliceerd,langverwachte-beslissing-inzake-btw-plicht-voor-bestuurders-rechtspersonen-eindelijke-gepubliceerd
/nl/oplossingen/tax-legal-services/99-vanaf-1-mei-2016-treedt-het-nieuwe-douanewetboek-in-werking,vanaf-1-mei-2016-treedt-het-nieuwe-douanewetboek-in-werking
/nl/oplossingen/tax-legal-services/170-soms-hoeft-u-zich-geen-36000-brutoloon-toe-te-kennen-om-van-het-verlaagd-tarief-te-kunnen-genieten,soms-hoeft-u-zich-geen-36000-€-brutoloon-toe-te-kennen-om-van-het-verlaagd-tarief-te-kunnen-genieten
/nl/oplossingen/12-acountancy/33-transfer-pricing-in-het-oog-van-de-internationale-fiscale-storm,transfer-pricing-in-het-oog-van-de-internationale-fiscale-storm
